"TITULACIÃ³N","RAMA","CENTRO","CAMPUS"
"MÃ¡STER UNIVERSITARIO EN ARQUEOLOGÃ­A (M71.56.1)","ARTES Y HUMANIDADES","ESCUELA INTERNACIONAL DE POSGRADO","CAMPUS DE CARTUJA"
"MÃ¡STER UNIVERSITARIO EN CULTURAS ÃRABE Y HEBREA: AL-ANDALUS Y MUNDO ÃRABE CONTEMPORÃ¡NEO (M13.56.2)","ARTES Y HUMANIDADES","ESCUELA INTERNACIONAL DE POSGRADO","CAMPUS DE CARTUJA"
"MÃ¡STER UNIVERSITARIO EN DIBUJO - CREACIÃ³N, PRODUCCIÃ³N Y DIFUSIÃ³N (M60.56.1)","ARTES Y HUMANIDADES","ESCUELA INTERNACIONAL DE POSGRADO","CAMPUS DE AYNADAMAR"
"MÃ¡STER UNIVERSITARIO EN ENSEÃ±ANZA DEL ELE: CULTURA Y METODOLOGÃ­A (M73.56.1)","ARTES Y HUMANIDADES","ESCUELA INTERNACIONAL DE POSGRADO","CAMPUS DE CARTUJA"
"MÃ¡STER UNIVERSITARIO EN ESTUDIOS DE ASIA ORIENTAL (MA2.56.1)","ARTES Y HUMANIDADES","ESCUELA INTERNACIONAL DE POSGRADO","CAMPUS DE CARTUJA"
"MÃ¡STER UNIVERSITARIO EN ESTUDIOS LATINOAMERICANOS: CULTURA Y GESTIÃ³N (M20.56.1)","ARTES Y HUMANIDADES","ESCUELA INTERNACIONAL DE POSGRADO","CAMPUS DE CARTUJA"
"MÃ¡STER UNIVERSITARIO EN ESTUDIOS LITERARIOS Y TEATRALES (M90.56.1)","ARTES Y HUMANIDADES","ESCUELA INTERNACIONAL DE POSGRADO","CAMPUS DE CARTUJA"
"MÃ¡STER UNIVERSITARIO EN ESTUDIOS SUPERIORES DE LENGUA ESPAÃ±OLA (M70.56.1)","ARTES Y HUMANIDADES","ESCUELA INTERNACIONAL DE POSGRADO","CAMPUS DE CARTUJA"
"MÃ¡STER UNIVERSITARIO EN FILOSOFÃ­A CONTEMPORÃ¡NEA (M16.56.1)","ARTES Y HUMANIDADES","ESCUELA INTERNACIONAL DE POSGRADO","CAMPUS DE CARTUJA"
"MÃ¡STER UNIVERSITARIO EN HISTORIA: DE EUROPA A AMÃ©RICA. SOCIEDADES, PODERES, CULTURAS (EURAME) (MA3.56.1)","ARTES Y HUMANIDADES","ESCUELA INTERNACIONAL DE POSGRADO","CAMPUS DE CARTUJA"
"MÃ¡STER UNIVERSITARIO EN HISTORIA DEL ARTE. CONOCIMIENTO Y TUTELA DEL PATRIMONIO HISTÃ³RICO (M55.56.1)","ARTES Y HUMANIDADES","ESCUELA INTERNACIONAL DE POSGRADO","CAMPUS DE CARTUJA"
"MÃ¡STER UNIVERSITARIO EN INTERPRETACIÃ³N DE CONFERENCIAS (MA5.56.1)","ARTES Y HUMANIDADES","ESCUELA INTERNACIONAL DE POSGRADO","CAMPUS CENTRO"
"MÃ¡STER UNIVERSITARIO EN LENGUAS Y CULTURAS MODERNAS (MB4.56.1)","ARTES Y HUMANIDADES","ESCUELA INTERNACIONAL DE POSGRADO","CAMPUS DE CARTUJA"
"MÃ¡STER UNIVERSITARIO EN LITERATURA Y LINGÃ¼Ã­STICA INGLESAS (M19.56.1)","ARTES Y HUMANIDADES","ESCUELA INTERNACIONAL DE POSGRADO","CAMPUS DE CARTUJA"
"MÃ¡STER UNIVERSITARIO EN LÃ³GICA Y FILOSOFÃ­A DE LA CIENCIA (MA7.56.1)","ARTES Y HUMANIDADES","ESCUELA INTERNACIONAL DE POSGRADO","CAMPUS DE CARTUJA"
"MÃ¡STER UNIVERSITARIO EN PATRIMONIO MUSICAL (M68.56.1)","ARTES Y HUMANIDADES","ESCUELA INTERNACIONAL DE POSGRADO","CAMPUS DE CARTUJA"
"MÃ¡STER UNIVERSITARIO EN PRODUCCIÃ³N E INVESTIGACIÃ³N EN ARTE (M94.56.1)","ARTES Y HUMANIDADES","ESCUELA INTERNACIONAL DE POSGRADO","CAMPUS DE AYNADAMAR"
"MÃ¡STER UNIVERSITARIO EN TRADUCCIÃ³N PROFESIONAL (M21.56.2)","ARTES Y HUMANIDADES","ESCUELA INTERNACIONAL DE POSGRADO","CAMPUS DE FUENTENUEVA"
"MÃ¡STER ERASMUS MUNDUS EN EL COLOR EN LA INFORMÃ¡TICA Y LA TECNOLOGÃ­A DE LOS MEDIOS / ERASMUS MUNDUS IN COLOR IN INFORMATICS AND MEDIA TECHNOLOGY (CIMET) (M14.56.1)","CIENCIAS","ESCUELA INTERNACIONAL DE POSGRADO","CAMPUS DE FUENTENUEVA"
"MÃ¡STER ERASMUS MUNDUS COSI Â COLOUR IN SCIENCE AND INDUSTRY / ERASMUS MUNDUS COSI Â COLOUR IN SCIENCE AND INDUSTRY (M14.56.2)","CIENCIAS","ESCUELA INTERNACIONAL DE POSGRADO","CAMPUS DE FUENTENUEVA"
"MÃ¡STER UNIVERSITARIO EN AVANCES EN BIOLOGÃ­A AGRARIA Y ACUICULTURA (M48.56.2)","CIENCIAS","ESCUELA INTERNACIONAL DE POSGRADO","CAMPUS DE FUENTENUEVA"
"MÃ¡STER UNIVERSITARIO EN BIOLOGÃ­A MOLECULAR APLLICADA A EMPRESAS BIOTECNOLÃ³GICAS (BIOENTERPRISE) (M78.56.1)","CIENCIAS","ESCUELA INTERNACIONAL DE POSGRADO","CAMPUS DE FUENTENUEVA"
"MÃ¡STER UNIVERSITARIO EN BIOTECNOLOGÃ­A (M38.56.1)","CIENCIAS","ESCUELA INTERNACIONAL DE POSGRADO","CAMPUS DE FUENTENUEVA"
"MÃ¡STER UNIVERSITARIO EN CIENCIA Y TECNOLOGÃ­A EN PATRIMONIO ARQUITECTÃ³NICO (M80.56.1)","CIENCIAS","ESCUELA INTERNACIONAL DE POSGRADO","CAMPUS DE FUENTENUEVA"
"MÃ¡STER UNIVERSITARIO EN CIENCIAS Y TECNOLOGÃ­AS QUÃ­MICAS, KHEMIA (M43.56.2)","CIENCIAS","ESCUELA INTERNACIONAL DE POSGRADO","CAMPUS DE FUENTENUEVA"
"MÃ¡STER UNIVERSITARIO EN CONSERVACIÃ³N, GESTIÃ³N Y RESTAURACIÃ³N DE LA BIODIVERSIDAD (M64.56.1)","CIENCIAS","ESCUELA INTERNACIONAL DE POSGRADO","CAMPUS DE FUENTENUEVA"
"MÃ¡STER UNIVERSITARIO EN ESTADÃ­STICA APLICADA (M42.56.1)","CIENCIAS","ESCUELA INTERNACIONAL DE POSGRADO","CAMPUS DE FUENTENUEVA"
"MÃ¡STER UNIVERSITARIO EN FÃ­SICA Y MATEMÃ¡TICAS (M53.56.1)","CIENCIAS","ESCUELA INTERNACIONAL DE POSGRADO","CAMPUS DE FUENTENUEVA"
"MÃ¡STER UNIVERSITARIO EN FÃ­SICA: RADIACIONES, NANOTECNOLOGÃ­A, PARTÃ­CULAS Y ASTROFÃ­SICA (M44.56.2)","CIENCIAS","ESCUELA INTERNACIONAL DE POSGRADO","CAMPUS DE FUENTENUEVA"
"MÃ¡STER UNIVERSITARIO EN GENÃ©TICA Y EVOLUCIÃ³N (M58.56.1)","CIENCIAS","ESCUELA INTERNACIONAL DE POSGRADO","CAMPUS DE FUENTENUEVA"
"MÃ¡STER UNIVERSITARIO EN GEOFÃ­SICA Y METEOROLOGÃ­A (M40.56.1)","CIENCIAS","ESCUELA INTERNACIONAL DE POSGRADO","CAMPUS DE FUENTENUEVA"
"MÃ¡STER UNIVERSITARIO EN GEOLOGÃ­A APLICADA A LOS RECURSOS MINERALES Y ENERGÃ©TICOS - GEOREC (M45.56.2)","CIENCIAS","ESCUELA INTERNACIONAL DE POSGRADO","CAMPUS DE FUENTENUEVA"
"MÃ¡STER UNIVERSITARIO EN INVESTIGACIÃ³N Y AVANCES EN MICROBIOLOGÃ­A (M46.56.1)","CIENCIAS","ESCUELA INTERNACIONAL DE POSGRADO","CAMPUS DE FUENTENUEVA"
"MÃ¡STER UNIVERSITARIO EN MATEMÃ¡TICAS (M37.56.1)","CIENCIAS","ESCUELA INTERNACIONAL DE POSGRADO","CAMPUS DE FUENTENUEVA"
"MÃ¡STER UNIVERSITARIO EN ÃPTICA Y OPTOMETRÃ­A AVANZADAS (M47.56.1)","CIENCIAS","ESCUELA INTERNACIONAL DE POSGRADO","CAMPUS DE FUENTENUEVA"
"MÃ¡STER UNIVERSITARIO EN TÃ©CNICAS Y CIENCIAS DE LA CALIDAD DEL AGUA (IDEA) (M96.56.1)","CIENCIAS","ESCUELA INTERNACIONAL DE POSGRADO","CAMPUS DE FUENTENUEVA"
"MÃ¡STER ERASMUS MUNDUS EN EXCELENCIA EN SALUD PÃºBLICA / EUROPUBHEALTH (M18.56.2)","CIENCIAS DE LA SALUD","ESCUELA INTERNACIONAL DE POSGRADO","CAMPUS DE CARTUJA"
"MÃ¡STER UNIVERSITARIO EN ANÃ¡LISIS BIOLÃ³GICO Y DIAGNÃ³STICO DE LABORATORIO (M41.56.1)","CIENCIAS DE LA SALUD","ESCUELA INTERNACIONAL DE POSGRADO","CAMPUS DE CARTUJA"
"MÃ¡STER UNIVERSITARIO EN ANTROPOLOGÃ­A FÃ­SICA Y FORENSE (M34.56.1)","CIENCIAS DE LA SALUD","ESCUELA INTERNACIONAL DE POSGRADO","CAMPUS CENTRO"
"MÃ¡STER UNIVERSITARIO EN ATENCIÃ³N FARMACÃ©UTICA EUROPHARMNES (M22.56.1)","CIENCIAS DE LA SALUD","ESCUELA INTERNACIONAL DE POSGRADO","CAMPUS DE CARTUJA"
"MÃ¡STER UNIVERSITARIO EN AVANCES EN CALIDAD Y TECNOLOGÃ­A ALIMENTARIA (M79.56.1)","CIENCIAS DE LA SALUD","ESCUELA INTERNACIONAL DE POSGRADO","CAMPUS DE CARTUJA"
"MÃ¡STER UNIVERSITARIO EN AVANCES EN RADIOLOGÃ­A DIAGNÃ³STICA Y TERAPÃ©UTICA Y MEDICINA FÃ­SICA (M29.56.1)","CIENCIAS DE LA SALUD","ESCUELA INTERNACIONAL DE POSGRADO","CAMPUS CENTRO"
"MÃ¡STER UNIVERSITARIO EN BIOMEDICINA REGENERATIVA (M31.56.1)","CIENCIAS DE LA SALUD","ESCUELA INTERNACIONAL DE POSGRADO","CAMPUS CENTRO"
"MÃ¡STER UNIVERSITARIO EN CONDICIONANTES GENÃ©TICOS, NUTRICIONALES Y AMBIENTALES DEL CRECIMIENTO Y DESARROLLO (M36.56.1)","CIENCIAS DE LA SALUD","ESCUELA INTERNACIONAL DE POSGRADO","CAMPUS CENTRO"
"MÃ¡STER UNIVERSITARIO EN CUIDADOS DE SALUD PARA LA PROMOCIÃ³N DE LA AUTONOMÃ­A DE LAS PERSONAS Y LA ATENCIÃ³N A LOS PROCESOS DEL FIN DE LA VIDA (M61.56.1)","CIENCIAS DE LA SALUD","ESCUELA INTERNACIONAL DE POSGRADO","CAMPUS DE CIENCIAS DE LA SALUD"
"MÃ¡STER UNIVERSITARIO EN INGENIERÃ­A TISULAR (M35.56.1)","CIENCIAS DE LA SALUD","ESCUELA INTERNACIONAL DE POSGRADO","CAMPUS CENTRO"
"MÃ¡STER UNIVERSITARIO EN INVESTIGACIÃ³N, DESARROLLO, CONTROL E INNOVACIÃ³N DE MEDICAMENTOS (M91.56.1)","CIENCIAS DE LA SALUD","ESCUELA INTERNACIONAL DE POSGRADO","CAMPUS DE CARTUJA"
"MÃ¡STER UNIVERSITARIO EN INVESTIGACIÃ³N LOGOPÃ©DICA EN TRASTORNOS DEGENERATIVOS Y DAÃ±O CEREBRAL (M89.56.1)","CIENCIAS DE LA SALUD","ESCUELA INTERNACIONAL DE POSGRADO","CAMPUS DE CARTUJA"
"MÃ¡STER UNIVERSITARIO EN INVESTIGACIÃ³N ODONTOLÃ³GICA (M39.56.1)","CIENCIAS DE LA SALUD","ESCUELA INTERNACIONAL DE POSGRADO","CAMPUS DE CARTUJA"
"MÃ¡STER UNIVERSITARIO EN INVESTIGACIÃ³N TRASLACIONAL Y MEDICINA PERSONALIZADA (MB3.56.1)","CIENCIAS DE LA SALUD","ESCUELA INTERNACIONAL DE POSGRADO","CAMPUS CENTRO"
"MÃ¡STER UNIVERSITARIO EN INVESTIGACIÃ³N Y AVANCES EN INMUNOLOGÃ­A MOLECULAR Y CELULAR (M26.56.1)","CIENCIAS DE LA SALUD","ESCUELA INTERNACIONAL DE POSGRADO","CAMPUS CENTRO"
"MÃ¡STER UNIVERSITARIO EN INVESTIGACIÃ³N Y AVANCES EN MEDICINA PREVENTIVA Y SALUD PÃºBLICA (M24.56.1)","CIENCIAS DE LA SALUD","ESCUELA INTERNACIONAL DE POSGRADO","CAMPUS CENTRO"
"MÃ¡STER UNIVERSITARIO EN NEUROCIENCIA COGNITIVA Y DEL COMPORTAMIENTO (M30.56.1)","CIENCIAS DE LA SALUD","ESCUELA INTERNACIONAL DE POSGRADO","CAMPUS DE CARTUJA"
"MÃ¡STER UNIVERSITARIO EN NEUROCIENCIA Y DOLOR (M27.56.1)","CIENCIAS DE LA SALUD","ESCUELA INTERNACIONAL DE POSGRADO","CAMPUS CENTRO"
"MÃ¡STER UNIVERSITARIO EN NUTRICIÃ³N HUMANA (M28.56.1)","CIENCIAS DE LA SALUD","ESCUELA INTERNACIONAL DE POSGRADO","CAMPUS DE CARTUJA"
"MÃ¡STER UNIVERSITARIO EN PSICOLOGÃ­A GENERAL SANITARIA (M33.56.2)","CIENCIAS DE LA SALUD","ESCUELA INTERNACIONAL DE POSGRADO","CAMPUS DE CARTUJA"
"MÃ¡STER UNIVERSITARIO EN PSICOLOGÃ­A JURÃ­DICA Y FORENSE (M23.56.2)","CIENCIAS DE LA SALUD","ESCUELA INTERNACIONAL DE POSGRADO","CAMPUS DE CARTUJA"
"MÃ¡STER ERASMUS MUNDUS EN ESTUDIOS DE LAS MUJERES Y DE GÃ©NERO (M15.56.1)","CIENCIAS SOCIALES Y JURÃ­DICAS","ESCUELA INTERNACIONAL DE POSGRADO","CAMPUS DE CARTUJA"
"MÃ¡STER UNIVERSITARIO EN ABOGACÃ­A (M99.56.1)","CIENCIAS SOCIALES Y JURÃ­DICAS","ESCUELA INTERNACIONAL DE POSGRADO","CAMPUS CENTRO"
"MÃ¡STER UNIVERSITARIO EN ANÃ¡LISIS Y GESTIÃ³N DEL TERRITORIO: LIDERAZGO Y PLANIFICACIÃ³N PARA LA GOBERNANZA TERRITORIAL (MB1.56.1)","CIENCIAS SOCIALES Y JURÃ­DICAS","ESCUELA INTERNACIONAL DE POSGRADO","CAMPUS DE CARTUJA"
"MÃ¡STER UNIVERSITARIO EN ASESORÃ­A LABORAL, FISCAL Y JURÃ­DICA DE LA EMPRESA (M99.56.3)","CIENCIAS SOCIALES Y JURÃ­DICAS","ESCUELA INTERNACIONAL DE POSGRADO","CAMPUS CENTRO"
"MÃ¡STER UNIVERSITARIO EN AUDITORÃ­A (M99.56.2)","CIENCIAS SOCIALES Y JURÃ­DICAS","ESCUELA INTERNACIONAL DE POSGRADO","CAMPUS CENTRO"
"MÃ¡STER UNIVERSITARIO EN ARTES VISUALES Y EDUCACIÃ³N. UN ENFOQUE CONSTRUCCIONISTA (M06.56.1)","CIENCIAS SOCIALES Y JURÃ­DICAS","ESCUELA INTERNACIONAL DE POSGRADO","CAMPUS DE AYNADAMAR"
"MÃ¡STER UNIVERSITARIO EN COOPERACIÃ³N AL DESARROLLO, GESTIÃ³N PÃºBLICA Y DE LAS ONGDS (M25.56.1)","CIENCIAS SOCIALES Y JURÃ­DICAS","ESCUELA INTERNACIONAL DE POSGRADO","CAMPUS CENTRO"
"MÃ¡STER UNIVERSITARIO EN CRIMINALIDAD E INTERVENCIÃ³N SOCIAL EN MENORES (M04.56.1)","CIENCIAS SOCIALES Y JURÃ­DICAS","ESCUELA INTERNACIONAL DE POSGRADO","CAMPUS CENTRO"
"MÃ¡STER UNIVERSITARIO EN CULTURA DE PAZ, CONFLICTOS, EDUCACIÃ³N Y DERECHOS HUMANOS (M75.56.1)","CIENCIAS SOCIALES Y JURÃ­DICAS","ESCUELA INTERNACIONAL DE POSGRADO","CAMPUS DE CARTUJA"
"MÃ¡STER UNIVERSITARIO EN DERECHO CONSTITUCIONAL EUROPEO (M03.56.1)","CIENCIAS SOCIALES Y JURÃ­DICAS","ESCUELA INTERNACIONAL DE POSGRADO","CAMPUS CENTRO"
"MÃ¡STER UNIVERSITARIO EN DERECHO DE LOS NEGOCIOS (M83.56.1)","CIENCIAS SOCIALES Y JURÃ­DICAS","ESCUELA INTERNACIONAL DE POSGRADO","CAMPUS CENTRO"
"MÃ¡STER UNIVERSITARIO EN DERECHO INTERNACIONAL Y RELACIONES INTERNACIONALES (M84.56.1)","CIENCIAS SOCIALES Y JURÃ­DICAS","ESCUELA INTERNACIONAL DE POSGRADO","CAMPUS CENTRO"
"MÃ¡STER UNIVERSITARIO EN DERECHO SANITARIO, BIOÃ©TICA Y DERECHO A LA SALUD EN LA UNIÃ³N EUROPEA (M85.56.1)","CIENCIAS SOCIALES Y JURÃ­DICAS","ESCUELA INTERNACIONAL DE POSGRADO","CAMPUS CENTRO"
"MÃ¡STER UNIVERSITARIO EN DIDÃ¡CTICA DE LA MATEMÃ¡TICA (M05.56.1)","CIENCIAS SOCIALES Y JURÃ­DICAS","ESCUELA INTERNACIONAL DE POSGRADO","CAMPUS DE CARTUJA"
"MÃ¡STER UNIVERSITARIO EN DIRECCIÃ³N Y GESTIÃ³N PÃºBLICA (M87.56.1)","CIENCIAS SOCIALES Y JURÃ­DICAS","ESCUELA INTERNACIONAL DE POSGRADO","CAMPUS CENTRO"
"MÃ¡STER UNIVERSITARIO EN DIVERSIDAD CULTURAL. UN ENFOQUE MULTIDISCIPLINAR Y TRANSFRONTERIZO (MA1.56.1)","CIENCIAS SOCIALES Y JURÃ­DICAS","ESCUELA INTERNACIONAL DE POSGRADO","CAMPUS DE MELILLA"
"MÃ¡STER UNIVERSITARIO EN ECONOMÃ­A Y ORGANIZACIÃ³N DE EMPRESAS (M02.56.1)","CIENCIAS SOCIALES Y JURÃ­DICAS","ESCUELA INTERNACIONAL DE POSGRADO","CAMPUS DE CARTUJA"
"MÃ¡STER UNIVERSITARIO EN ECONOMÃ­A/ECONOMICS (M56.56.1)","CIENCIAS SOCIALES Y JURÃ­DICAS","ESCUELA INTERNACIONAL DE POSGRADO","CAMPUS DE CARTUJA"
"MÃ¡STER UNIVERSITARIO EN EDUCACIÃ³N MUSICAL: UNA PERSPECTIVA MULTIDISCIPLINAR (M72.56.1)","CIENCIAS SOCIALES Y JURÃ­DICAS","ESCUELA INTERNACIONAL DE POSGRADO","CAMPUS DE MELILLA"
"MÃ¡STER UNIVERSITARIO EN EDUCACIÃ³N SOCIAL: INVESTIGACIÃ³N Y DESARROLLO PROFESIONAL (M88.56.1)","CIENCIAS SOCIALES Y JURÃ­DICAS","ESCUELA INTERNACIONAL DE POSGRADO","CAMPUS DE CARTUJA"
"MÃ¡STER UNIVERSITARIO EN EDUCADOR / EDUCADORA AMBIENTAL (M54.56.1)","CIENCIAS SOCIALES Y JURÃ­DICAS","ESCUELA INTERNACIONAL DE POSGRADO","CAMPUS DE CARTUJA"
"MÃ¡STER UNIVERSITARIO EN EL ANÃ¡LISIS GEOGRÃ¡FICO EN LA ORDENACIÃ³N DEL TERRITORIO. TECNOLOGÃ­AS DE LA INFORMACIÃ³N GEOGRÃ¡FICA (M07.56.1)","CIENCIAS SOCIALES Y JURÃ­DICAS","ESCUELA INTERNACIONAL DE POSGRADO","CAMPUS DE CARTUJA"
"MÃ¡STER UNIVERSITARIO EN ESTUDIOS E INTERVENCIÃ³N SOCIAL EN INMIGRACIÃ³N, DESARROLLO Y GRUPOS VULNERABLES (M09.56.1)","CIENCIAS SOCIALES Y JURÃ­DICAS","ESCUELA INTERNACIONAL DE POSGRADO","CAMPUS CENTRO"
"MÃ¡STER UNIVERSITARIO EN GERONTOLOGÃ­A, DEPENDENCIA Y PROTECCIÃ³N DE LOS MAYORES (M65.56.1)","CIENCIAS SOCIALES Y JURÃ­DICAS","ESCUELA INTERNACIONAL DE POSGRADO","CAMPUS CENTRO"
"MÃ¡STER UNIVERSITARIO EN GESTIÃ³N Y TECNOLOGÃ­AS DE PROCESOS DE NEGOCIO (M93.56.1)","CIENCIAS SOCIALES Y JURÃ­DICAS","ESCUELA INTERNACIONAL DE POSGRADO","CAMPUS DE AYNADAMAR"
"MÃ¡STER UNIVERSITARIO EN INFORMACIÃ³N Y COMUNICACIÃ³N CIENTÃ­FICA (M12.56.1)","CIENCIAS SOCIALES Y JURÃ­DICAS","ESCUELA INTERNACIONAL DE POSGRADO","CAMPUS DE CARTUJA"
"MÃ¡STER UNIVERSITARIO EN INTERVENCIÃ³N PSICOPEDAGÃ³GICA (M11.56.1)","CIENCIAS SOCIALES Y JURÃ­DICAS","ESCUELA INTERNACIONAL DE POSGRADO","CAMPUS DE CARTUJA"
"MÃ¡STER UNIVERSITARIO EN INVESTIGACIÃ³N E INNOVACIÃ³N EN CURRÃ­CULUM Y FORMACIÃ³N (M98.56.1)","CIENCIAS SOCIALES Y JURÃ­DICAS","ESCUELA INTERNACIONAL DE POSGRADO","CAMPUS DE CARTUJA"
"MÃ¡STER UNIVERSITARIO EN INVESTIGACIÃ³N EN ACTIVIDAD FÃ­SICA Y DEPORTE (M57.56.1)","CIENCIAS SOCIALES Y JURÃ­DICAS","ESCUELA INTERNACIONAL DE POSGRADO","CAMPUS DE CARTUJA"
"MÃ¡STER UNIVERSITARIO EN MARKETING Y COMPORTAMIENTO DEL CONSUMIDOR (M01.56.1)","CIENCIAS SOCIALES Y JURÃ­DICAS","ESCUELA INTERNACIONAL DE POSGRADO","CAMPUS DE CARTUJA"
"MÃ¡STER UNIVERSITARIO EN NUEVOS MEDIOS INTERACTIVOS Y PERIODISMO MULTIMEDIA (MB2.56.1)","CIENCIAS SOCIALES Y JURÃ­DICAS","ESCUELA INTERNACIONAL DE POSGRADO","CAMPUS DE CARTUJA"
"MÃ¡STER UNIVERSITARIO EN PROBLEMAS SOCIALES. DIRECCIÃ³N Y GESTIÃ³N DE PROGRAMAS SOCIALES (M08.56.1)","CIENCIAS SOCIALES Y JURÃ­DICAS","ESCUELA INTERNACIONAL DE POSGRADO","CAMPUS CENTRO"
"MÃ¡STER UNIVERSITARIO EN PROFESORADO DE EDUCACIÃ³N SECUNDARIA OBLIGATORIA Y BACHILLERATO, FORMACIÃ³N PROFESIONAL Y ENSEÃ±ANZA DE IDIOMAS (S01 A S45.56.1)","CIENCIAS SOCIALES Y JURÃ­DICAS","ESCUELA INTERNACIONAL DE POSGRADO","MÃºLTIPLES"
"MÃ¡STER UNIVERSITARIO EN PSICOLOGÃ­A DE LA INTERVENCIÃ³N SOCIAL (M10.56.1)","CIENCIAS SOCIALES Y JURÃ­DICAS","ESCUELA INTERNACIONAL DE POSGRADO","CAMPUS DE CARTUJA"
"MÃ¡STER UNIVERSITARIO EN TÃ©CNICAS CUANTITATIVAS EN GESTIÃ³N EMPRESARIAL (MA4.56.1)","CIENCIAS SOCIALES Y JURÃ­DICAS","ESCUELA INTERNACIONAL DE POSGRADO","CAMPUS DE CARTUJA"
"MÃ¡STER UNIVERSITARIO EN ARQUITECTURA (M97.56.3)","INGENIERÃ­A Y ARQUITECTURA","ESCUELA INTERNACIONAL DE POSGRADO","CAMPUS DE FUENTENUEVA"
"MÃ¡STER UNIVERSITARIO EN CIENCIA DE DATOS E INGENIERÃ­A DE COMPUTADORES (M51.56.2)","INGENIERÃ­A Y ARQUITECTURA","ESCUELA INTERNACIONAL DE POSGRADO","CAMPUS DE AYNADAMAR"
"MÃ¡STER UNIVERSITARIO EN DESARROLLO DEL SOFTWARE (M52.56.1)","INGENIERÃ­A Y ARQUITECTURA","ESCUELA INTERNACIONAL DE POSGRADO","CAMPUS DE AYNADAMAR"
"MÃ¡STER UNIVERSITARIO EN ESTRUCTURAS (M63.56.1)","INGENIERÃ­A Y ARQUITECTURA","ESCUELA INTERNACIONAL DE POSGRADO","CAMPUS DE FUENTENUEVA"
"MÃ¡STER UNIVERSITARIO EN GESTIÃ³N Y SEGURIDAD INTEGRAL EN LA EDIFICACIÃ³N (M74.56.1)","INGENIERÃ­A Y ARQUITECTURA","ESCUELA INTERNACIONAL DE POSGRADO","CAMPUS DE AYNADAMAR Â CAMPUS DE FUENTENUEVA"
"MÃ¡STER UNIVERSITARIO EN GESTIÃ³N Y TECNOLOGÃ­AS DE PROCESOS DE NEGOCIO (M93.56.1)","INGENIERÃ­A Y ARQUITECTURA","ESCUELA INTERNACIONAL DE POSGRADO","CAMPUS DE AYNADAMAR"
"MÃ¡STER UNIVERSITARIO EN HIDRÃ¡ULICA AMBIENTAL (M62.56.1)","INGENIERÃ­A Y ARQUITECTURA","ESCUELA INTERNACIONAL DE POSGRADO","CAMPUS DE FUENTENUEVA"
"MÃ¡STER UNIVERSITARIO EN INGENIERÃ­A ACÃºSTICA (MA8.56.1)","INGENIERÃ­A Y ARQUITECTURA","ESCUELA INTERNACIONAL DE POSGRADO","CAMPUS DE FUENTENUEVA"
"MÃ¡STER UNIVERSITARIO EN INGENIERÃ­A DE CAMINOS, CANALES Y PUERTOS (MA9.56.1)","INGENIERÃ­A Y ARQUITECTURA","ESCUELA INTERNACIONAL DE POSGRADO","CAMPUS DE FUENTENUEVA"
"MÃ¡STER UNIVERSITARIO EN INGENIERÃ­A DE TELECOMUNICACIÃ³N (M92.56.1)","INGENIERÃ­A Y ARQUITECTURA","ESCUELA INTERNACIONAL DE POSGRADO","CAMPUS DE AYNADAMAR"
"MÃ¡STER UNIVERSITARIO EN INGENIERÃ­A INFORMÃ¡TICA (M50.56.2)","INGENIERÃ­A Y ARQUITECTURA","ESCUELA INTERNACIONAL DE POSGRADO","CAMPUS DE AYNADAMAR"
"MÃ¡STER UNIVERSITARIO EN INGENIERÃ­A QUÃ­MICA (M43.56.3)","INGENIERÃ­A Y ARQUITECTURA","ESCUELA INTERNACIONAL DE POSGRADO","CAMPUS DE FUENTENUEVA"
"MÃ¡STER UNIVERSITARIO EN PREVENCIÃ³N DE RIESGOS LABORALES (M67.56.1)","INGENIERÃ­A Y ARQUITECTURA","ESCUELA INTERNACIONAL DE POSGRADO","CAMPUS DE CARTUJA"
"MÃ¡STER UNIVERSITARIO EN REHABILITACIÃ³N ARQUITECTÃ³NICA (M97.56.2)","INGENIERÃ­A Y ARQUITECTURA","ESCUELA INTERNACIONAL DE POSGRADO","CAMPUS DE FUENTENUEVA"
"DOUBLE MASTER (DOUBLE DEGREE) IN ECONOMICS (M56.56.1) AND INTERNATIONAL MANAGEMENT ","CIENCIAS SOCIALES Y JURÃ­DICAS","ESCUELA INTERNACIONAL DE POSGRADO","UGR - SRH HOCHSCHULE BERLIN (GERMANY)"
"MÃ¡STER UNIVERSITARIO EN ECONOMÃ­A Y ORGANIZACIÃ³N DE EMPRESAS (M02.56.1) Y MASTER IN INTERNATIONAL MANAGEMENT ","CIENCIAS SOCIALES Y JURÃ­DICAS","ESCUELA INTERNACIONAL DE POSGRADO","UGR - ESC DIJON-BOURGOGNE (FRANCIA)"
"MÃ¡STER UNIVERSITARIO EN MARKETING Y COMPORTAMIENTO DEL CONSUMIDOR (M01.56.1) Y MÃ¡STER EN MARKETING STRATÃ©GIC ET OPÃ©RATIONNEL ","CIENCIAS SOCIALES Y JURÃ­DICAS","ESCUELA INTERNACIONAL DE POSGRADO","UGR - IGR-IAE UNIVERSITÃ© DE RENNES (FRANCIA)"
